subject_id,n_windows,accuracy,sensitivity,specificity,precision,f1_score,roc_auc,pr_auc,tn,fp,fn,tp
1,252,73.01587301587301,86.5079365079365,59.523809523809526,68.125,76.22377622377621,0.8250818846056941,0.8301428621588927,75,51,17,109
2,252,63.888888888888886,90.47619047619048,37.301587301587304,59.067357512953365,71.47335423197492,0.8348450491307635,0.8629855613085593,47,79,12,114
3,252,50.0,0.0,100.0,0.0,0.0,0.09001007810531622,0.31982489372208023,126,0,126,0
4,252,63.095238095238095,99.20634920634922,26.984126984126984,57.6036866359447,72.8862973760933,0.8478206097253717,0.8443477333442642,34,92,1,125
5,252,50.0,0.0,100.0,0.0,0.0,0.5838372385991433,0.6117303031767883,126,0,126,0
6,252,75.79365079365078,80.15873015873017,71.42857142857143,73.72262773722628,76.80608365019012,0.8503401360544217,0.8427151662549954,90,36,25,101
7,252,68.25396825396825,60.317460317460316,76.19047619047619,71.69811320754717,65.51724137931035,0.6992315444696396,0.791137773340514,96,30,50,76
8,252,50.0,0.0,100.0,0.0,0.0,0.5391156462585034,0.5371765189267339,126,0,126,0
9,252,50.39682539682539,100.0,0.7936507936507936,50.199203187250994,66.84350132625994,0.6405265810027716,0.651328336753949,1,125,0,126
11,252,49.60317460317461,99.20634920634922,0.0,49.800796812749006,66.3129973474801,0.4434366339128244,0.4830262595552627,0,126,1,125
12,252,53.96825396825397,49.2063492063492,58.730158730158735,54.385964912280706,51.66666666666667,0.5276518014613253,0.5120327423223909,74,52,64,62
13,252,65.47619047619048,75.39682539682539,55.55555555555556,62.913907284768214,68.59205776173285,0.7499685059208868,0.7539494238789561,70,56,31,95
15,252,74.60317460317461,88.09523809523809,61.111111111111114,69.375,77.62237762237763,0.7341899722852104,0.6095089731702443,77,49,15,111
16,252,49.60317460317461,72.22222222222221,26.984126984126984,49.72677595628415,58.89967637540453,0.5165658856135046,0.5205179635073331,34,92,35,91
17,252,61.111111111111114,96.82539682539682,25.396825396825395,56.481481481481474,71.34502923976608,0.8510959939531368,0.8502226257370411,32,94,4,122
18,252,50.0,0.0,100.0,0.0,0.0,0.6123393801965231,0.6314329325056263,126,0,126,0
19,252,63.095238095238095,73.01587301587301,53.17460317460318,60.9271523178808,66.4259927797834,0.7157974300831444,0.7223676739866484,67,59,34,92
20,252,50.0,0.0,100.0,0.0,0.0,0.597946586041824,0.5668855294553101,126,0,126,0
22,252,71.82539682539682,91.26984126984127,52.38095238095239,65.71428571428571,76.41196013289037,0.8807634164777023,0.9098557670385254,66,60,11,115
23,252,54.36507936507936,84.92063492063492,23.809523809523807,52.70935960591133,65.04559270516718,0.7119551524313429,0.7633792990337998,30,96,19,107
24,252,50.0,100.0,0.0,50.0,66.66666666666666,0.6046863189720332,0.5980314737949377,0,126,0,126
25,252,50.0,0.0,100.0,0.0,0.0,0.26751070798689847,0.37288660972586846,126,0,126,0
26,252,50.0,0.0,100.0,0.0,0.0,0.21491559586797682,0.35137212771228415,126,0,126,0
28,252,50.0,0.0,100.0,0.0,0.0,0.20238095238095236,0.34613181843618684,126,0,126,0
30,252,50.0,0.0,100.0,0.0,0.0,0.477891156462585,0.4600848776711501,126,0,126,0
31,252,57.14285714285714,93.65079365079364,20.634920634920633,54.12844036697248,68.6046511627907,0.6449357520786092,0.6244702592250175,26,100,8,118
32,252,50.79365079365079,97.61904761904762,3.968253968253968,50.409836065573764,66.48648648648648,0.6701310153691107,0.6859625841504169,5,121,3,123
34,252,54.36507936507936,80.15873015873017,28.57142857142857,52.879581151832454,63.722397476340696,0.5200932224741749,0.5304644152044744,36,90,25,101
35,252,50.0,0.0,100.0,0.0,0.0,0.35764676240866716,0.39573828633355945,126,0,126,0
36,252,59.523809523809526,62.698412698412696,56.34920634920635,58.95522388059702,60.76923076923077,0.6807760141093475,0.7285631869266518,71,55,47,79
37,252,50.0,100.0,0.0,50.0,66.66666666666666,0.6160241874527589,0.610534962971251,0,126,0,126
38,252,50.0,0.0,100.0,0.0,0.0,0.3846686822877299,0.4227584758012172,126,0,126,0
39,252,56.74603174603175,71.42857142857143,42.06349206349206,55.21472392638037,62.28373702422145,0.6207482993197279,0.6421355351800095,53,73,36,90
40,252,50.0,99.20634920634922,0.7936507936507936,50.0,66.48936170212765,0.7540312421264802,0.7484794989878474,1,125,1,125
41,252,71.03174603174604,95.23809523809523,46.82539682539682,64.1711229946524,76.6773162939297,0.871000251952633,0.8883522257644472,59,67,6,120
42,252,51.587301587301596,94.44444444444444,8.73015873015873,50.85470085470085,66.11111111111111,0.7081758629377676,0.724123086467122,11,115,7,119
43,252,48.41269841269841,64.28571428571429,32.53968253968254,48.795180722891565,55.47945205479452,0.4885991433610481,0.5060946173772723,41,85,45,81
44,252,53.96825396825397,96.03174603174604,11.904761904761903,52.1551724137931,67.59776536312849,0.5621693121693122,0.5527331735101915,15,111,5,121
45,252,52.77777777777778,32.53968253968254,73.01587301587301,54.666666666666664,40.79601990049751,0.56859410430839,0.5488850860685622,92,34,85,41
46,252,69.44444444444444,57.14285714285714,81.74603174603175,75.78947368421053,65.15837104072398,0.785525321239607,0.746372070429672,103,23,54,72
47,252,67.46031746031747,58.730158730158735,76.19047619047619,71.15384615384616,64.34782608695652,0.7630385487528345,0.7712013841699962,96,30,52,74
48,252,85.31746031746032,92.85714285714286,77.77777777777779,80.6896551724138,86.34686346863468,0.9295792391030486,0.9122246293273077,98,28,9,117
49,252,50.79365079365079,100.0,1.5873015873015872,50.4,67.02127659574468,0.9364449483497103,0.9424405304792812,2,124,0,126
50,252,58.730158730158735,99.20634920634922,18.253968253968253,54.824561403508774,70.62146892655367,0.7475434618291761,0.7089723085132917,23,103,1,125
51,252,50.0,0.0,100.0,0.0,0.0,0.6617535903250188,0.6750149184552039,126,0,126,0
53,252,56.34920634920635,100.0,12.698412698412698,53.38983050847458,69.61325966850829,0.8211766187956665,0.8126811621103323,16,110,0,126
54,252,50.0,0.0,100.0,0.0,0.0,0.6346686822877299,0.6472710017729608,126,0,126,0
55,252,50.0,0.0,100.0,0.0,0.0,0.09926933736457547,0.3209868284675338,126,0,126,0
56,252,83.33333333333334,92.06349206349206,74.60317460317461,78.37837837837837,84.67153284671532,0.9317838246409675,0.9376382485160073,94,32,10,116
57,252,51.587301587301596,97.61904761904762,5.555555555555555,50.82644628099173,66.84782608695652,0.6189216427311665,0.6336544190512791,7,119,3,123
58,252,63.095238095238095,73.80952380952381,52.38095238095239,60.78431372549019,66.66666666666666,0.701310153691106,0.6826280395442154,66,60,33,93
59,252,68.25396825396825,95.23809523809523,41.269841269841265,61.855670103092784,75.0,0.8335852859662384,0.8381202485453279,52,74,6,120
60,252,58.333333333333336,92.85714285714286,23.809523809523807,54.929577464788736,69.02654867256636,0.7227261274880323,0.7242979507306521,30,96,9,117
61,252,58.730158730158735,96.03174603174604,21.428571428571427,55.00000000000001,69.94219653179191,0.8066263542454017,0.8239620098503573,27,99,5,121
62,252,73.80952380952381,98.4126984126984,49.2063492063492,65.95744680851064,78.98089171974523,0.8793776769967246,0.8460812406550883,62,64,2,124
63,252,42.857142857142854,10.317460317460316,75.39682539682539,29.545454545454547,15.294117647058824,0.3357268833459309,0.3955688749863826,95,31,113,13
64,252,58.333333333333336,88.09523809523809,28.57142857142857,55.223880597014926,67.88990825688074,0.578294280675233,0.5521260656485822,36,90,15,111
65,252,50.0,0.0,100.0,0.0,0.0,0.46334089191232053,0.4686501095455762,126,0,126,0
66,252,51.98412698412699,84.92063492063492,19.047619047619047,51.196172248803826,63.88059701492538,0.5359662383471908,0.5308347783680565,24,102,19,107
67,252,50.0,0.0,100.0,0.0,0.0,0.3090828924162258,0.3984946351421503,126,0,126,0
68,252,50.0,0.0,100.0,0.0,0.0,0.2962333081380701,0.37425087361404163,126,0,126,0
69,252,62.301587301587304,93.65079365079364,30.952380952380953,57.56097560975609,71.29909365558912,0.7853363567649283,0.7905907908714185,39,87,8,118
70,252,27.77777777777778,15.079365079365079,40.476190476190474,20.212765957446805,17.272727272727273,0.20080624842529604,0.34556636317048905,51,75,107,19
71,252,50.0,0.0,100.0,0.0,0.0,0.3459939531368103,0.40440542995469214,126,0,126,0
72,252,51.19047619047619,21.428571428571427,80.95238095238095,52.94117647058824,30.508474576271187,0.46737213403880074,0.5107432946388049,102,24,99,27
74,252,40.07936507936508,3.968253968253968,76.19047619047619,14.285714285714285,6.211180124223603,0.3013983371126228,0.383917119302657,96,30,121,5
75,252,50.79365079365079,2.380952380952381,99.20634920634922,75.0,4.615384615384616,0.4084782060972537,0.49884409075403824,125,1,123,3
76,252,49.2063492063492,92.85714285714286,5.555555555555555,49.57627118644068,64.64088397790056,0.49464600655076846,0.5192081411973287,7,119,9,117
77,252,54.36507936507936,98.4126984126984,10.317460317460316,52.320675105485236,68.31955922865014,0.7513227513227513,0.6882605173243781,13,113,2,124
78,252,48.41269841269841,93.65079365079364,3.1746031746031744,49.166666666666664,64.48087431693989,0.5098261526832955,0.5605444049399246,4,122,8,118
79,252,46.42857142857143,84.12698412698413,8.73015873015873,47.963800904977376,61.09510086455331,0.5672083648274124,0.6142918657501953,11,115,20,106
81,252,50.0,0.0,100.0,0.0,0.0,0.5216679264298312,0.5449600697680484,126,0,126,0
83,252,50.0,100.0,0.0,50.0,66.66666666666666,0.13447971781305115,0.32933001696758274,0,126,0,126
